id_bus,ligne,gare_depart,gare_retard,heure_arrivee_prevue,heure_arrivee_reelle
1,21,Stade Charléty,Montparnasse,08:10,08:11
1,21,Stade Charléty,Gare Saint-Lazare,08:18,08:30
1,21,Stade Charléty,Alésia,08:44,08:59
1,21,Stade Charléty,Opéra,08:26,08:36
1,21,Stade Charléty,Gare Saint-Lazare,08:44,08:45
1,21,Stade Charléty,Gare Saint-Lazare,08:07,08:22
2,21,Stade Charléty,Gare Saint-Lazare,08:33,08:40
2,21,Stade Charléty,Gare Saint-Lazare,08:45,08:52
2,21,Stade Charléty,Montparnasse,08:11,08:12
2,21,Stade Charléty,Denfert-Rochereau,08:23,08:30
3,21,Stade Charléty,Montparnasse,08:45,08:55
3,21,Stade Charléty,Gare Saint-Lazare,08:43,08:57
3,21,Stade Charléty,Gare Saint-Lazare,08:44,08:45
3,21,Stade Charléty,Alésia,08:26,08:41
3,21,Stade Charléty,Opéra,08:52,08:59
3,21,Stade Charléty,Montparnasse,08:36,08:45
4,21,Stade Charléty,Alésia,08:20,08:30
4,21,Stade Charléty,Denfert-Rochereau,08:27,08:31
4,21,Stade Charléty,Alésia,08:43,08:47
5,21,Stade Charléty,Denfert-Rochereau,08:51,08:59
5,21,Stade Charléty,Opéra,08:19,08:27
5,21,Stade Charléty,Gare Saint-Lazare,08:41,08:56
5,21,Stade Charléty,Opéra,08:05,08:10
5,21,Stade Charléty,Alésia,08:01,08:14
6,21,Stade Charléty,Gare Saint-Lazare,08:09,08:15
6,21,Stade Charléty,Montparnasse,08:53,08:57
6,21,Stade Charléty,Montparnasse,08:20,08:23
6,21,Stade Charléty,Montparnasse,08:06,08:17
6,21,Stade Charléty,Opéra,08:36,08:43
7,21,Stade Charléty,Alésia,08:04,08:08
7,21,Stade Charléty,Gare Saint-Lazare,08:03,08:07
7,21,Stade Charléty,Denfert-Rochereau,08:28,08:36
7,21,Stade Charléty,Alésia,08:58,09:07
8,21,Stade Charléty,Montparnasse,08:35,08:43
8,21,Stade Charléty,Montparnasse,08:18,08:29
8,21,Stade Charléty,Gare Saint-Lazare,08:48,08:57
8,21,Stade Charléty,Alésia,08:34,08:43
8,21,Stade Charléty,Denfert-Rochereau,08:40,08:44
9,21,Stade Charléty,Alésia,08:19,08:29
9,21,Stade Charléty,Montparnasse,08:26,08:36
9,21,Stade Charléty,Opéra,08:34,08:38
9,21,Stade Charléty,Alésia,08:06,08:10
10,21,Stade Charléty,Montparnasse,08:16,08:30
10,21,Stade Charléty,Denfert-Rochereau,08:50,08:57
10,21,Stade Charléty,Gare Saint-Lazare,08:29,08:32
10,21,Stade Charléty,Alésia,08:28,08:33
11,38,Gare du Nord,Châtelet,08:39,08:46
11,38,Gare du Nord,Alésia,08:45,08:57
11,38,Gare du Nord,Châtelet,08:52,09:05
11,38,Gare du Nord,Luxembourg,08:41,08:49
11,38,Gare du Nord,Raspail,08:50,08:54
11,38,Gare du Nord,Porte d'Orléans,08:07,08:15
12,38,Gare du Nord,Raspail,08:01,08:16
12,38,Gare du Nord,Porte d'Orléans,08:26,08:40
12,38,Gare du Nord,Alésia,08:05,08:11
12,38,Gare du Nord,Châtelet,08:49,08:54
12,38,Gare du Nord,Châtelet,08:22,08:35
12,38,Gare du Nord,Châtelet,08:38,08:47
13,38,Gare du Nord,Châtelet,08:25,08:40
13,38,Gare du Nord,Porte d'Orléans,08:32,08:42
13,38,Gare du Nord,Luxembourg,08:49,08:51
13,38,Gare du Nord,Luxembourg,08:37,08:43
14,38,Gare du Nord,Alésia,08:47,08:48
14,38,Gare du Nord,Châtelet,08:39,08:41
14,38,Gare du Nord,Châtelet,08:00,08:03
14,38,Gare du Nord,Luxembourg,08:41,08:49
14,38,Gare du Nord,Luxembourg,08:58,09:06
14,38,Gare du Nord,Porte d'Orléans,08:59,09:04
15,38,Gare du Nord,Raspail,08:38,08:50
15,38,Gare du Nord,Alésia,08:20,08:31
15,38,Gare du Nord,Alésia,08:04,08:09
16,38,Gare du Nord,Châtelet,08:49,08:59
16,38,Gare du Nord,Porte d'Orléans,08:32,08:43
16,38,Gare du Nord,Raspail,08:04,08:06
16,38,Gare du Nord,Châtelet,08:57,08:58
16,38,Gare du Nord,Raspail,08:23,08:29
17,38,Gare du Nord,Alésia,08:52,08:54
17,38,Gare du Nord,Raspail,08:14,08:22
17,38,Gare du Nord,Châtelet,08:14,08:17
18,38,Gare du Nord,Alésia,08:17,08:25
18,38,Gare du Nord,Luxembourg,08:13,08:18
18,38,Gare du Nord,Porte d'Orléans,08:11,08:12
18,38,Gare du Nord,Porte d'Orléans,08:36,08:49
18,38,Gare du Nord,Alésia,08:38,08:53
18,38,Gare du Nord,Luxembourg,08:57,09:00
19,38,Gare du Nord,Alésia,08:25,08:39
19,38,Gare du Nord,Châtelet,08:19,08:28
19,38,Gare du Nord,Châtelet,08:17,08:30
20,38,Gare du Nord,Luxembourg,08:30,08:44
20,38,Gare du Nord,Raspail,08:31,08:38
20,38,Gare du Nord,Porte d'Orléans,08:51,08:55
21,47,Fort du Kremlin,Gare d'Austerlitz,08:24,08:25
21,47,Fort du Kremlin,Place d'Italie,08:53,09:08
21,47,Fort du Kremlin,Châtelet,08:27,08:28
21,47,Fort du Kremlin,Châtelet,08:08,08:23
21,47,Fort du Kremlin,Hôtel de Ville,08:01,08:16
22,47,Fort du Kremlin,Hôtel de Ville,08:48,08:59
22,47,Fort du Kremlin,Châtelet,08:48,08:53
22,47,Fort du Kremlin,Place d'Italie,08:56,08:57
22,47,Fort du Kremlin,Châtelet,08:54,08:55
22,47,Fort du Kremlin,Châtelet,08:29,08:39
22,47,Fort du Kremlin,Ivry,08:12,08:14
23,47,Fort du Kremlin,Gare d'Austerlitz,08:19,08:29
23,47,Fort du Kremlin,Gare d'Austerlitz,08:09,08:14
23,47,Fort du Kremlin,Gare d'Austerlitz,08:16,08:27
24,47,Fort du Kremlin,Ivry,08:03,08:18
24,47,Fort du Kremlin,Hôtel de Ville,08:32,08:45
24,47,Fort du Kremlin,Hôtel de Ville,08:30,08:32
24,47,Fort du Kremlin,Hôtel de Ville,08:30,08:35
24,47,Fort du Kremlin,Ivry,08:55,09:08
24,47,Fort du Kremlin,Ivry,08:52,09:07
25,47,Fort du Kremlin,Gare d'Austerlitz,08:50,09:05
25,47,Fort du Kremlin,Gare d'Austerlitz,08:54,09:08
25,47,Fort du Kremlin,Gare d'Austerlitz,08:25,08:30
26,47,Fort du Kremlin,Hôtel de Ville,08:43,08:52
26,47,Fort du Kremlin,Ivry,08:00,08:10
26,47,Fort du Kremlin,Place d'Italie,08:30,08:42
26,47,Fort du Kremlin,Gare d'Austerlitz,08:55,08:56
26,47,Fort du Kremlin,Châtelet,08:43,08:45
27,47,Fort du Kremlin,Ivry,08:08,08:11
27,47,Fort du Kremlin,Châtelet,08:01,08:16
27,47,Fort du Kremlin,Gare d'Austerlitz,08:26,08:40
27,47,Fort du Kremlin,Ivry,08:41,08:48
27,47,Fort du Kremlin,Place d'Italie,08:43,08:47
27,47,Fort du Kremlin,Gare d'Austerlitz,08:42,08:43
28,47,Fort du Kremlin,Ivry,08:09,08:20
28,47,Fort du Kremlin,Châtelet,08:13,08:18
28,47,Fort du Kremlin,Hôtel de Ville,08:17,08:23
28,47,Fort du Kremlin,Châtelet,08:23,08:37
29,47,Fort du Kremlin,Hôtel de Ville,08:41,08:43
29,47,Fort du Kremlin,Hôtel de Ville,08:21,08:28
29,47,Fort du Kremlin,Gare d'Austerlitz,08:29,08:41
29,47,Fort du Kremlin,Gare d'Austerlitz,08:55,09:02
29,47,Fort du Kremlin,Châtelet,08:19,08:34
29,47,Fort du Kremlin,Place d'Italie,08:16,08:21
30,47,Fort du Kremlin,Place d'Italie,08:59,09:13
30,47,Fort du Kremlin,Place d'Italie,08:40,08:54
30,47,Fort du Kremlin,Place d'Italie,08:57,09:07
30,47,Fort du Kremlin,Châtelet,08:43,08:46
31,63,Porte de la Muette,Trocadéro,08:52,09:03
31,63,Porte de la Muette,Trocadéro,08:44,08:46
31,63,Porte de la Muette,Invalides,08:02,08:05
31,63,Porte de la Muette,La Muette,08:16,08:25
31,63,Porte de la Muette,La Muette,08:34,08:39
32,63,Porte de la Muette,Gare de Lyon,08:21,08:33
32,63,Porte de la Muette,Trocadéro,08:39,08:43
32,63,Porte de la Muette,La Muette,08:25,08:27
33,63,Porte de la Muette,Gare de Lyon,08:07,08:19
33,63,Porte de la Muette,Trocadéro,08:58,09:10
33,63,Porte de la Muette,Invalides,08:28,08:37
33,63,Porte de la Muette,Gare de Lyon,08:47,08:57
33,63,Porte de la Muette,Gare d'Austerlitz,08:28,08:39
33,63,Porte de la Muette,Gare de Lyon,08:57,08:59
34,63,Porte de la Muette,La Muette,08:37,08:40
34,63,Porte de la Muette,La Muette,08:51,08:58
34,63,Porte de la Muette,Invalides,08:55,09:08
34,63,Porte de la Muette,Gare de Lyon,08:10,08:13
34,63,Porte de la Muette,Gare d'Austerlitz,08:05,08:17
34,63,Porte de la Muette,La Muette,08:07,08:13
35,63,Porte de la Muette,Gare d'Austerlitz,08:02,08:16
35,63,Porte de la Muette,Invalides,08:06,08:17
35,63,Porte de la Muette,Gare d'Austerlitz,08:19,08:34
35,63,Porte de la Muette,Gare de Lyon,08:32,08:36
35,63,Porte de la Muette,Invalides,08:02,08:13
35,63,Porte de la Muette,La Muette,08:21,08:31
36,63,Porte de la Muette,Gare d'Austerlitz,08:18,08:24
36,63,Porte de la Muette,La Muette,08:50,08:57
36,63,Porte de la Muette,Invalides,08:32,08:37
36,63,Porte de la Muette,Gare de Lyon,08:46,08:59
36,63,Porte de la Muette,Gare d'Austerlitz,08:52,08:58
37,63,Porte de la Muette,La Muette,08:18,08:23
37,63,Porte de la Muette,Trocadéro,08:43,08:53
37,63,Porte de la Muette,Invalides,08:04,08:13
37,63,Porte de la Muette,Invalides,08:48,08:57
37,63,Porte de la Muette,La Muette,08:56,09:02
38,63,Porte de la Muette,Gare d'Austerlitz,08:47,08:56
38,63,Porte de la Muette,Gare de Lyon,08:57,08:58
38,63,Porte de la Muette,Gare de Lyon,08:06,08:14
38,63,Porte de la Muette,Gare de Lyon,08:33,08:42
38,63,Porte de la Muette,La Muette,08:09,08:15
38,63,Porte de la Muette,Gare d'Austerlitz,08:24,08:37
39,63,Porte de la Muette,Trocadéro,08:07,08:14
39,63,Porte de la Muette,Gare de Lyon,08:27,08:38
39,63,Porte de la Muette,Gare d'Austerlitz,08:03,08:07
39,63,Porte de la Muette,Trocadéro,08:40,08:42
39,63,Porte de la Muette,Gare d'Austerlitz,08:13,08:14
40,63,Porte de la Muette,Trocadéro,08:35,08:49
40,63,Porte de la Muette,Trocadéro,08:56,08:59
40,63,Porte de la Muette,Gare de Lyon,08:43,08:55
40,63,Porte de la Muette,Trocadéro,08:20,08:21
40,63,Porte de la Muette,Trocadéro,08:01,08:02
41,72,Hôtel de Ville,Pont Mirabeau,08:13,08:22
41,72,Hôtel de Ville,Parc de Saint-Cloud,08:22,08:29
41,72,Hôtel de Ville,Musée du quai Branly,08:03,08:12
41,72,Hôtel de Ville,Pont de l'Alma,08:18,08:19
41,72,Hôtel de Ville,Concorde,08:02,08:07
41,72,Hôtel de Ville,Pont Mirabeau,08:21,08:24
42,72,Hôtel de Ville,Parc de Saint-Cloud,08:55,09:04
42,72,Hôtel de Ville,Pont Mirabeau,08:41,08:51
42,72,Hôtel de Ville,Pont de l'Alma,08:24,08:31
42,72,Hôtel de Ville,Musée du quai Branly,08:25,08:39
42,72,Hôtel de Ville,Concorde,08:53,08:56
42,72,Hôtel de Ville,Concorde,08:34,08:35
43,72,Hôtel de Ville,Pont Mirabeau,08:23,08:33
43,72,Hôtel de Ville,Pont Mirabeau,08:57,09:06
43,72,Hôtel de Ville,Pont Mirabeau,08:00,08:13
43,72,Hôtel de Ville,Pont de l'Alma,08:37,08:38
44,72,Hôtel de Ville,Pont Mirabeau,08:26,08:35
44,72,Hôtel de Ville,Pont de l'Alma,08:35,08:49
44,72,Hôtel de Ville,Pont Mirabeau,08:16,08:31
44,72,Hôtel de Ville,Parc de Saint-Cloud,08:55,09:09
45,72,Hôtel de Ville,Concorde,08:34,08:43
45,72,Hôtel de Ville,Musée du quai Branly,08:21,08:26
45,72,Hôtel de Ville,Musée du quai Branly,08:08,08:15
45,72,Hôtel de Ville,Parc de Saint-Cloud,08:47,09:00
45,72,Hôtel de Ville,Musée du quai Branly,08:47,08:59
45,72,Hôtel de Ville,Musée du quai Branly,08:29,08:39
46,72,Hôtel de Ville,Pont Mirabeau,08:17,08:32
46,72,Hôtel de Ville,Concorde,08:16,08:29
46,72,Hôtel de Ville,Concorde,08:15,08:28
46,72,Hôtel de Ville,Concorde,08:48,08:52
46,72,Hôtel de Ville,Concorde,08:10,08:16
46,72,Hôtel de Ville,Pont Mirabeau,08:20,08:21
47,72,Hôtel de Ville,Pont Mirabeau,08:48,08:54
47,72,Hôtel de Ville,Musée du quai Branly,08:15,08:21
47,72,Hôtel de Ville,Musée du quai Branly,08:16,08:25
47,72,Hôtel de Ville,Pont Mirabeau,08:22,08:32
47,72,Hôtel de Ville,Pont de l'Alma,08:38,08:39
48,72,Hôtel de Ville,Musée du quai Branly,08:13,08:25
48,72,Hôtel de Ville,Musée du quai Branly,08:21,08:26
48,72,Hôtel de Ville,Pont Mirabeau,08:33,08:38
48,72,Hôtel de Ville,Musée du quai Branly,08:58,09:05
49,72,Hôtel de Ville,Concorde,08:48,08:55
49,72,Hôtel de Ville,Parc de Saint-Cloud,08:50,08:53
49,72,Hôtel de Ville,Parc de Saint-Cloud,08:17,08:21
49,72,Hôtel de Ville,Concorde,08:58,09:07
49,72,Hôtel de Ville,Pont de l'Alma,08:43,08:53
50,72,Hôtel de Ville,Pont Mirabeau,08:28,08:36
50,72,Hôtel de Ville,Parc de Saint-Cloud,08:23,08:32
50,72,Hôtel de Ville,Pont Mirabeau,08:30,08:40
50,72,Hôtel de Ville,Parc de Saint-Cloud,08:54,09:00
51,82,Luxembourg,Charles de Gaulle Étoile,08:32,08:36
51,82,Luxembourg,Invalides,08:27,08:30
51,82,Luxembourg,Montparnasse,08:12,08:27
51,82,Luxembourg,Charles de Gaulle Étoile,08:11,08:22
51,82,Luxembourg,Charles de Gaulle Étoile,08:24,08:26
52,82,Luxembourg,Charles de Gaulle Étoile,08:42,08:52
52,82,Luxembourg,Neuilly,08:45,08:56
52,82,Luxembourg,Neuilly,08:26,08:34
52,82,Luxembourg,Montparnasse,08:34,08:37
52,82,Luxembourg,Montparnasse,08:32,08:45
52,82,Luxembourg,Bois de Boulogne,08:31,08:36
53,82,Luxembourg,Neuilly,08:07,08:15
53,82,Luxembourg,Invalides,08:35,08:45
53,82,Luxembourg,Charles de Gaulle Étoile,08:16,08:30
53,82,Luxembourg,Bois de Boulogne,08:16,08:24
53,82,Luxembourg,Neuilly,08:31,08:45
53,82,Luxembourg,Montparnasse,08:34,08:42
54,82,Luxembourg,Invalides,08:16,08:18
54,82,Luxembourg,Bois de Boulogne,08:09,08:14
54,82,Luxembourg,Montparnasse,08:49,08:53
54,82,Luxembourg,Bois de Boulogne,08:38,08:44
54,82,Luxembourg,Invalides,08:14,08:29
55,82,Luxembourg,Bois de Boulogne,08:07,08:08
55,82,Luxembourg,Invalides,08:57,09:08
55,82,Luxembourg,Invalides,08:10,08:11
55,82,Luxembourg,Charles de Gaulle Étoile,08:11,08:15
55,82,Luxembourg,Charles de Gaulle Étoile,08:52,08:57
56,82,Luxembourg,Charles de Gaulle Étoile,08:47,08:48
56,82,Luxembourg,Neuilly,08:20,08:29
56,82,Luxembourg,Montparnasse,08:06,08:12
56,82,Luxembourg,Neuilly,08:52,09:03
56,82,Luxembourg,Bois de Boulogne,08:38,08:43
56,82,Luxembourg,Neuilly,08:19,08:31
57,82,Luxembourg,Bois de Boulogne,08:37,08:44
57,82,Luxembourg,Bois de Boulogne,08:49,09:03
57,82,Luxembourg,Charles de Gaulle Étoile,08:22,08:29
57,82,Luxembourg,Bois de Boulogne,08:48,08:52
58,82,Luxembourg,Neuilly,08:10,08:17
58,82,Luxembourg,Bois de Boulogne,08:47,09:02
58,82,Luxembourg,Montparnasse,08:48,08:56
59,82,Luxembourg,Montparnasse,08:32,08:47
59,82,Luxembourg,Bois de Boulogne,08:35,08:39
59,82,Luxembourg,Bois de Boulogne,08:23,08:31
59,82,Luxembourg,Bois de Boulogne,08:18,08:22
59,82,Luxembourg,Neuilly,08:09,08:16
60,82,Luxembourg,Montparnasse,08:34,08:43
60,82,Luxembourg,Neuilly,08:09,08:21
60,82,Luxembourg,Bois de Boulogne,08:28,08:39
60,82,Luxembourg,Bois de Boulogne,08:43,08:45
61,91,Bastille,Place d'Italie,08:24,08:27
61,91,Bastille,Montparnasse,08:58,09:07
61,91,Bastille,Raspail,08:47,08:58
61,91,Bastille,Montparnasse,08:30,08:41
61,91,Bastille,Place d'Italie,08:27,08:36
62,91,Bastille,Raspail,08:36,08:41
62,91,Bastille,Raspail,08:27,08:39
62,91,Bastille,Raspail,08:44,08:57
62,91,Bastille,Gare de Lyon,08:04,08:07
62,91,Bastille,Montparnasse,08:11,08:13
63,91,Bastille,Montparnasse,08:18,08:22
63,91,Bastille,Gare de Lyon,08:35,08:38
63,91,Bastille,Gare de Lyon,08:04,08:08
63,91,Bastille,Montparnasse,08:48,08:57
63,91,Bastille,Place d'Italie,08:51,08:58
64,91,Bastille,Gare de Lyon,08:58,09:03
64,91,Bastille,Gare Montparnasse,08:10,08:22
64,91,Bastille,Montparnasse,08:06,08:16
64,91,Bastille,Raspail,08:43,08:44
65,91,Bastille,Gare Montparnasse,08:04,08:10
65,91,Bastille,Montparnasse,08:22,08:34
65,91,Bastille,Gare Montparnasse,08:33,08:44
66,91,Bastille,Montparnasse,08:04,08:14
66,91,Bastille,Gare de Lyon,08:48,08:52
66,91,Bastille,Gare Montparnasse,08:56,09:02
67,91,Bastille,Montparnasse,08:37,08:46
67,91,Bastille,Gare Montparnasse,08:06,08:10
67,91,Bastille,Gare Montparnasse,08:37,08:48
68,91,Bastille,Gare de Lyon,08:24,08:33
68,91,Bastille,Montparnasse,08:07,08:10
68,91,Bastille,Gare Montparnasse,08:25,08:33
68,91,Bastille,Montparnasse,08:14,08:22
68,91,Bastille,Gare Montparnasse,08:36,08:46
68,91,Bastille,Montparnasse,08:14,08:28
69,91,Bastille,Raspail,08:39,08:48
69,91,Bastille,Gare Montparnasse,08:47,08:57
69,91,Bastille,Gare de Lyon,08:03,08:17
70,91,Bastille,Montparnasse,08:08,08:11
70,91,Bastille,Place d'Italie,08:55,09:06
70,91,Bastille,Gare Montparnasse,08:41,08:42
71,96,Gare Montparnasse,Ménilmontant,08:33,08:47
71,96,Gare Montparnasse,Hôtel de Ville,08:16,08:27
71,96,Gare Montparnasse,Hôtel de Ville,08:12,08:13
72,96,Gare Montparnasse,Ménilmontant,08:33,08:48
72,96,Gare Montparnasse,Porte des Lilas,08:40,08:41
72,96,Gare Montparnasse,Ménilmontant,08:07,08:14
73,96,Gare Montparnasse,Hôtel de Ville,08:57,09:05
73,96,Gare Montparnasse,Odéon,08:25,08:36
73,96,Gare Montparnasse,Odéon,08:10,08:16
73,96,Gare Montparnasse,Hôtel de Ville,08:35,08:43
74,96,Gare Montparnasse,Ménilmontant,08:13,08:22
74,96,Gare Montparnasse,République,08:59,09:14
74,96,Gare Montparnasse,Ménilmontant,08:39,08:54
74,96,Gare Montparnasse,Ménilmontant,08:06,08:07
74,96,Gare Montparnasse,République,08:33,08:38
74,96,Gare Montparnasse,Porte des Lilas,08:55,09:07
75,96,Gare Montparnasse,Porte des Lilas,08:14,08:29
75,96,Gare Montparnasse,Porte des Lilas,08:25,08:30
75,96,Gare Montparnasse,République,08:24,08:39
75,96,Gare Montparnasse,Hôtel de Ville,08:20,08:26
75,96,Gare Montparnasse,République,08:32,08:38
76,96,Gare Montparnasse,Odéon,08:44,08:48
76,96,Gare Montparnasse,Ménilmontant,08:19,08:22
76,96,Gare Montparnasse,Porte des Lilas,08:10,08:20
76,96,Gare Montparnasse,Porte des Lilas,08:20,08:27
77,96,Gare Montparnasse,Hôtel de Ville,08:30,08:34
77,96,Gare Montparnasse,Porte des Lilas,08:38,08:47
77,96,Gare Montparnasse,Hôtel de Ville,08:02,08:08
77,96,Gare Montparnasse,Hôtel de Ville,08:09,08:21
77,96,Gare Montparnasse,Ménilmontant,08:26,08:40
78,96,Gare Montparnasse,Porte des Lilas,08:03,08:05
78,96,Gare Montparnasse,Hôtel de Ville,08:10,08:20
78,96,Gare Montparnasse,Hôtel de Ville,08:47,08:59
78,96,Gare Montparnasse,Porte des Lilas,08:07,08:13
78,96,Gare Montparnasse,Porte des Lilas,08:51,08:53
78,96,Gare Montparnasse,Odéon,08:21,08:24
79,96,Gare Montparnasse,Ménilmontant,08:01,08:05
79,96,Gare Montparnasse,Hôtel de Ville,08:15,08:22
79,96,Gare Montparnasse,Porte des Lilas,08:15,08:25
79,96,Gare Montparnasse,Porte des Lilas,08:02,08:13
79,96,Gare Montparnasse,Ménilmontant,08:17,08:24
80,96,Gare Montparnasse,Hôtel de Ville,08:56,08:59
80,96,Gare Montparnasse,Odéon,08:27,08:31
80,96,Gare Montparnasse,Odéon,08:06,08:18
80,96,Gare Montparnasse,Hôtel de Ville,08:00,08:11
80,96,Gare Montparnasse,Porte des Lilas,08:42,08:51
80,96,Gare Montparnasse,Ménilmontant,08:32,08:38
81,27,Gare Saint-Lazare,Bibliothèque,08:42,08:57
81,27,Gare Saint-Lazare,Châtelet,08:54,09:00
81,27,Gare Saint-Lazare,Gare d'Austerlitz,08:55,09:01
81,27,Gare Saint-Lazare,Opéra,08:20,08:25
81,27,Gare Saint-Lazare,Porte d’Ivry,08:52,08:58
82,27,Gare Saint-Lazare,Gare d'Austerlitz,08:23,08:28
82,27,Gare Saint-Lazare,Opéra,08:47,08:59
82,27,Gare Saint-Lazare,Châtelet,08:44,08:55
82,27,Gare Saint-Lazare,Gare d'Austerlitz,08:18,08:24
82,27,Gare Saint-Lazare,Gare d'Austerlitz,08:37,08:43
83,27,Gare Saint-Lazare,Châtelet,08:49,08:53
83,27,Gare Saint-Lazare,Opéra,08:34,08:38
83,27,Gare Saint-Lazare,Opéra,08:17,08:28
83,27,Gare Saint-Lazare,Bibliothèque,08:02,08:15
83,27,Gare Saint-Lazare,Gare d'Austerlitz,08:45,08:50
84,27,Gare Saint-Lazare,Châtelet,08:12,08:17
84,27,Gare Saint-Lazare,Opéra,08:54,09:00
84,27,Gare Saint-Lazare,Châtelet,08:13,08:27
85,27,Gare Saint-Lazare,Bibliothèque,08:38,08:43
85,27,Gare Saint-Lazare,Gare d'Austerlitz,08:43,08:49
85,27,Gare Saint-Lazare,Opéra,08:33,08:44
85,27,Gare Saint-Lazare,Châtelet,08:50,09:05
85,27,Gare Saint-Lazare,Porte d’Ivry,08:14,08:27
86,27,Gare Saint-Lazare,Opéra,08:21,08:22
86,27,Gare Saint-Lazare,Gare d'Austerlitz,08:19,08:31
86,27,Gare Saint-Lazare,Bibliothèque,08:19,08:22
87,27,Gare Saint-Lazare,Opéra,08:36,08:38
87,27,Gare Saint-Lazare,Gare d'Austerlitz,08:20,08:22
87,27,Gare Saint-Lazare,Châtelet,08:26,08:34
87,27,Gare Saint-Lazare,Châtelet,08:30,08:33
88,27,Gare Saint-Lazare,Porte d’Ivry,08:01,08:05
88,27,Gare Saint-Lazare,Opéra,08:22,08:33
88,27,Gare Saint-Lazare,Porte d’Ivry,08:51,08:55
88,27,Gare Saint-Lazare,Porte d’Ivry,08:21,08:26
88,27,Gare Saint-Lazare,Châtelet,08:36,08:44
89,27,Gare Saint-Lazare,Opéra,08:17,08:31
89,27,Gare Saint-Lazare,Châtelet,08:49,08:50
89,27,Gare Saint-Lazare,Bibliothèque,08:30,08:33
89,27,Gare Saint-Lazare,Châtelet,08:34,08:43
89,27,Gare Saint-Lazare,Opéra,08:46,08:51
90,27,Gare Saint-Lazare,Châtelet,08:44,08:57
90,27,Gare Saint-Lazare,Porte d’Ivry,08:20,08:24
90,27,Gare Saint-Lazare,Châtelet,08:45,08:58
90,27,Gare Saint-Lazare,Châtelet,08:39,08:50
90,27,Gare Saint-Lazare,Opéra,08:10,08:15
90,27,Gare Saint-Lazare,Gare d'Austerlitz,08:20,08:34
91,69,Champ de Mars,Bastille,08:35,08:36
91,69,Champ de Mars,Bastille,08:31,08:40
91,69,Champ de Mars,Père Lachaise,08:01,08:14
91,69,Champ de Mars,Louvre,08:14,08:24
92,69,Champ de Mars,Invalides,08:16,08:21
92,69,Champ de Mars,Invalides,08:52,09:05
92,69,Champ de Mars,Bastille,08:13,08:28
92,69,Champ de Mars,Louvre,08:13,08:28
92,69,Champ de Mars,Gambetta,08:18,08:22
93,69,Champ de Mars,Louvre,08:37,08:45
93,69,Champ de Mars,Gambetta,08:53,08:56
93,69,Champ de Mars,Louvre,08:44,08:53
93,69,Champ de Mars,Louvre,08:36,08:41
93,69,Champ de Mars,Invalides,08:33,08:44
94,69,Champ de Mars,Gambetta,08:40,08:50
94,69,Champ de Mars,Gambetta,08:41,08:54
94,69,Champ de Mars,Invalides,08:12,08:21
94,69,Champ de Mars,Père Lachaise,08:11,08:12
94,69,Champ de Mars,Louvre,08:16,08:28
95,69,Champ de Mars,Louvre,08:49,08:52
95,69,Champ de Mars,Bastille,08:36,08:43
95,69,Champ de Mars,Père Lachaise,08:23,08:24
95,69,Champ de Mars,Gambetta,08:25,08:27
95,69,Champ de Mars,Père Lachaise,08:34,08:47
95,69,Champ de Mars,Louvre,08:15,08:25
96,69,Champ de Mars,Père Lachaise,08:40,08:46
96,69,Champ de Mars,Bastille,08:18,08:33
96,69,Champ de Mars,Bastille,08:57,09:12
96,69,Champ de Mars,Invalides,08:50,08:57
97,69,Champ de Mars,Père Lachaise,08:37,08:44
97,69,Champ de Mars,Père Lachaise,08:07,08:13
97,69,Champ de Mars,Gambetta,08:31,08:45
98,69,Champ de Mars,Invalides,08:44,08:50
98,69,Champ de Mars,Gambetta,08:08,08:12
98,69,Champ de Mars,Louvre,08:16,08:31
98,69,Champ de Mars,Bastille,08:29,08:30
98,69,Champ de Mars,Père Lachaise,08:06,08:10
99,69,Champ de Mars,Invalides,08:17,08:20
99,69,Champ de Mars,Invalides,08:10,08:19
99,69,Champ de Mars,Invalides,08:24,08:30
100,69,Champ de Mars,Louvre,08:47,08:54
100,69,Champ de Mars,Louvre,08:18,08:28
100,69,Champ de Mars,Bastille,08:31,08:38
100,69,Champ de Mars,Invalides,08:45,08:57
101,24,Pont Neuf,Odéon,08:16,08:28
101,24,Pont Neuf,École Militaire,08:55,08:57
101,24,Pont Neuf,Invalides,08:04,08:16
101,24,Pont Neuf,Odéon,08:22,08:28
101,24,Pont Neuf,École Militaire,08:47,08:57
102,24,Pont Neuf,Châtelet,08:51,08:57
102,24,Pont Neuf,École Militaire,08:51,09:03
102,24,Pont Neuf,École Militaire,08:45,09:00
103,24,Pont Neuf,Châtelet,08:58,09:09
103,24,Pont Neuf,Invalides,08:41,08:53
103,24,Pont Neuf,Odéon,08:16,08:28
104,24,Pont Neuf,Odéon,08:57,09:04
104,24,Pont Neuf,Odéon,08:48,08:50
104,24,Pont Neuf,Châtelet,08:27,08:30
104,24,Pont Neuf,Odéon,08:42,08:55
104,24,Pont Neuf,Invalides,08:57,09:00
104,24,Pont Neuf,Châtelet,08:27,08:39
105,24,Pont Neuf,École Militaire,08:06,08:13
105,24,Pont Neuf,Châtelet,08:01,08:02
105,24,Pont Neuf,Odéon,08:00,08:03
105,24,Pont Neuf,École Militaire,08:21,08:31
105,24,Pont Neuf,Invalides,08:44,08:58
105,24,Pont Neuf,Odéon,08:53,08:54
106,24,Pont Neuf,Invalides,08:04,08:18
106,24,Pont Neuf,École Militaire,08:52,09:06
106,24,Pont Neuf,École Militaire,08:08,08:20
106,24,Pont Neuf,Invalides,08:49,08:55
107,24,Pont Neuf,Châtelet,08:17,08:28
107,24,Pont Neuf,Odéon,08:17,08:22
107,24,Pont Neuf,Châtelet,08:40,08:46
107,24,Pont Neuf,Châtelet,08:46,08:48
107,24,Pont Neuf,Invalides,08:31,08:41
108,24,Pont Neuf,Odéon,08:26,08:37
108,24,Pont Neuf,Invalides,08:49,09:02
108,24,Pont Neuf,Châtelet,08:50,09:05
108,24,Pont Neuf,École Militaire,08:24,08:39
108,24,Pont Neuf,Invalides,08:35,08:47
109,24,Pont Neuf,Odéon,08:26,08:35
109,24,Pont Neuf,Invalides,08:11,08:12
109,24,Pont Neuf,Invalides,08:39,08:53
110,24,Pont Neuf,Châtelet,08:10,08:13
110,24,Pont Neuf,École Militaire,08:05,08:12
110,24,Pont Neuf,École Militaire,08:56,08:57
111,52,La Muette,Champs-Élysées,08:14,08:24
111,52,La Muette,Opéra,08:23,08:35
111,52,La Muette,Opéra,08:16,08:31
111,52,La Muette,Trocadéro,08:58,09:12
112,52,La Muette,Champs-Élysées,08:42,08:52
112,52,La Muette,Madeleine,08:47,08:56
112,52,La Muette,Champs-Élysées,08:50,09:05
112,52,La Muette,Opéra,08:07,08:20
112,52,La Muette,Champs-Élysées,08:44,08:56
112,52,La Muette,Opéra,08:13,08:21
113,52,La Muette,Champs-Élysées,08:11,08:22
113,52,La Muette,Trocadéro,08:00,08:15
113,52,La Muette,Opéra,08:55,09:02
113,52,La Muette,Champs-Élysées,08:25,08:28
114,52,La Muette,Opéra,08:06,08:19
114,52,La Muette,Champs-Élysées,08:54,08:56
114,52,La Muette,Opéra,08:03,08:09
114,52,La Muette,Champs-Élysées,08:27,08:31
114,52,La Muette,Opéra,08:13,08:25
114,52,La Muette,Madeleine,08:04,08:08
115,52,La Muette,Champs-Élysées,08:40,08:51
115,52,La Muette,Trocadéro,08:07,08:19
115,52,La Muette,Madeleine,08:48,09:01
115,52,La Muette,Champs-Élysées,08:39,08:53
116,52,La Muette,Champs-Élysées,08:09,08:18
116,52,La Muette,Trocadéro,08:06,08:16
116,52,La Muette,Opéra,08:22,08:27
116,52,La Muette,Champs-Élysées,08:57,09:01
116,52,La Muette,Opéra,08:21,08:30
117,52,La Muette,Opéra,08:35,08:47
117,52,La Muette,Champs-Élysées,08:54,08:55
117,52,La Muette,Opéra,08:08,08:15
117,52,La Muette,Trocadéro,08:38,08:39
117,52,La Muette,Opéra,08:43,08:48
117,52,La Muette,Champs-Élysées,08:04,08:14
118,52,La Muette,Madeleine,08:24,08:31
118,52,La Muette,Opéra,08:02,08:06
118,52,La Muette,Trocadéro,08:36,08:45
118,52,La Muette,Opéra,08:38,08:44
119,52,La Muette,Opéra,08:57,09:10
119,52,La Muette,Opéra,08:23,08:24
119,52,La Muette,Opéra,08:14,08:19
120,52,La Muette,Madeleine,08:32,08:45
120,52,La Muette,Trocadéro,08:28,08:40
120,52,La Muette,Madeleine,08:32,08:39
120,52,La Muette,Trocadéro,08:11,08:17
120,52,La Muette,Trocadéro,08:56,08:57
121,73,La Défense,Musée d'Orsay,08:23,08:30
121,73,La Défense,Musée d'Orsay,08:06,08:09
121,73,La Défense,Musée d'Orsay,08:32,08:38
121,73,La Défense,Porte Maillot,08:39,08:48
121,73,La Défense,Musée d'Orsay,08:05,08:09
121,73,La Défense,Musée d'Orsay,08:23,08:34
122,73,La Défense,Neuilly,08:25,08:32
122,73,La Défense,Musée d'Orsay,08:20,08:26
122,73,La Défense,Concorde,08:05,08:10
123,73,La Défense,Porte Maillot,08:05,08:19
123,73,La Défense,Neuilly,08:21,08:28
123,73,La Défense,Neuilly,08:20,08:30
123,73,La Défense,Neuilly,08:42,08:51
123,73,La Défense,Concorde,08:38,08:51
123,73,La Défense,Neuilly,08:28,08:30
124,73,La Défense,Neuilly,08:45,08:52
124,73,La Défense,Concorde,08:15,08:24
124,73,La Défense,Porte Maillot,08:51,08:56
124,73,La Défense,Neuilly,08:34,08:41
124,73,La Défense,Musée d'Orsay,08:20,08:23
124,73,La Défense,Concorde,08:35,08:41
125,73,La Défense,Neuilly,08:01,08:12
125,73,La Défense,Concorde,08:17,08:25
125,73,La Défense,Neuilly,08:50,09:00
126,73,La Défense,Musée d'Orsay,08:29,08:31
126,73,La Défense,Concorde,08:46,08:47
126,73,La Défense,Concorde,08:55,08:57
127,73,La Défense,Neuilly,08:20,08:31
127,73,La Défense,Concorde,08:48,08:52
127,73,La Défense,Concorde,08:26,08:38
127,73,La Défense,Musée d'Orsay,08:01,08:08
127,73,La Défense,Musée d'Orsay,08:16,08:18
127,73,La Défense,Concorde,08:53,09:03
128,73,La Défense,Concorde,08:19,08:30
128,73,La Défense,Concorde,08:35,08:47
128,73,La Défense,Neuilly,08:53,09:00
129,73,La Défense,Neuilly,08:37,08:49
129,73,La Défense,Neuilly,08:49,09:03
129,73,La Défense,Concorde,08:57,09:03
129,73,La Défense,Concorde,08:21,08:24
130,73,La Défense,Concorde,08:20,08:31
130,73,La Défense,Concorde,08:04,08:11
130,73,La Défense,Porte Maillot,08:21,08:33
130,73,La Défense,Porte Maillot,08:56,08:58
130,73,La Défense,Neuilly,08:10,08:19
130,73,La Défense,Neuilly,08:28,08:33
131,30,Porte Maillot,Place de Clichy,08:30,08:34
131,30,Porte Maillot,Gare de l'Est,08:23,08:33
131,30,Porte Maillot,Gare du Nord,08:12,08:15
131,30,Porte Maillot,Place de Clichy,08:46,08:57
131,30,Porte Maillot,Place de Clichy,08:17,08:24
131,30,Porte Maillot,Place de Clichy,08:28,08:34
132,30,Porte Maillot,Ternes,08:51,08:59
132,30,Porte Maillot,Gare de l'Est,08:47,08:54
132,30,Porte Maillot,Ternes,08:13,08:20
132,30,Porte Maillot,Gare du Nord,08:10,08:22
133,30,Porte Maillot,Ternes,08:06,08:11
133,30,Porte Maillot,Gare de l'Est,08:16,08:31
133,30,Porte Maillot,Ternes,08:05,08:08
133,30,Porte Maillot,Gare de l'Est,08:25,08:32
133,30,Porte Maillot,Ternes,08:43,08:53
133,30,Porte Maillot,Ternes,08:53,09:04
134,30,Porte Maillot,Gare de l'Est,08:36,08:45
134,30,Porte Maillot,Ternes,08:09,08:22
134,30,Porte Maillot,Ternes,08:13,08:28
134,30,Porte Maillot,Gare de l'Est,08:23,08:29
134,30,Porte Maillot,Place de Clichy,08:58,09:00
134,30,Porte Maillot,Gare de l'Est,08:02,08:10
135,30,Porte Maillot,Gare de l'Est,08:18,08:28
135,30,Porte Maillot,Ternes,08:20,08:28
135,30,Porte Maillot,Ternes,08:25,08:33
135,30,Porte Maillot,Ternes,08:26,08:28
135,30,Porte Maillot,Place de Clichy,08:42,08:55
135,30,Porte Maillot,Place de Clichy,08:53,09:03
136,30,Porte Maillot,Place de Clichy,08:37,08:40
136,30,Porte Maillot,Gare du Nord,08:27,08:30
136,30,Porte Maillot,Gare du Nord,08:31,08:38
136,30,Porte Maillot,Place de Clichy,08:26,08:40
137,30,Porte Maillot,Gare du Nord,08:42,08:52
137,30,Porte Maillot,Gare de l'Est,08:24,08:31
137,30,Porte Maillot,Gare de l'Est,08:15,08:22
137,30,Porte Maillot,Place de Clichy,08:30,08:38
138,30,Porte Maillot,Place de Clichy,08:42,08:43
138,30,Porte Maillot,Place de Clichy,08:11,08:15
138,30,Porte Maillot,Place de Clichy,08:18,08:32
138,30,Porte Maillot,Gare du Nord,08:47,09:00
138,30,Porte Maillot,Place de Clichy,08:28,08:29
138,30,Porte Maillot,Gare de l'Est,08:30,08:36
139,30,Porte Maillot,Gare du Nord,08:03,08:08
139,30,Porte Maillot,Gare du Nord,08:35,08:36
139,30,Porte Maillot,Place de Clichy,08:18,08:32
139,30,Porte Maillot,Place de Clichy,08:52,09:03
139,30,Porte Maillot,Gare du Nord,08:23,08:35
140,30,Porte Maillot,Place de Clichy,08:53,09:06
140,30,Porte Maillot,Gare de l'Est,08:44,08:58
140,30,Porte Maillot,Place de Clichy,08:17,08:24
140,30,Porte Maillot,Gare du Nord,08:47,08:48
140,30,Porte Maillot,Place de Clichy,08:44,08:45
140,30,Porte Maillot,Gare de l'Est,08:39,08:50
141,87,Gare de Lyon,Bibliothèque F. Mitterrand,08:39,08:45
141,87,Gare de Lyon,Bibliothèque F. Mitterrand,08:19,08:30
141,87,Gare de Lyon,Bibliothèque F. Mitterrand,08:24,08:29
142,87,Gare de Lyon,Bibliothèque F. Mitterrand,08:04,08:08
142,87,Gare de Lyon,Bibliothèque F. Mitterrand,08:57,09:05
142,87,Gare de Lyon,Bibliothèque F. Mitterrand,08:28,08:37
143,87,Gare de Lyon,Bibliothèque F. Mitterrand,08:48,08:50
143,87,Gare de Lyon,Bibliothèque F. Mitterrand,08:01,08:02
143,87,Gare de Lyon,Bibliothèque F. Mitterrand,08:40,08:53
143,87,Gare de Lyon,Bibliothèque F. Mitterrand,08:29,08:30
144,87,Gare de Lyon,Bibliothèque F. Mitterrand,08:22,08:31
144,87,Gare de Lyon,Bibliothèque F. Mitterrand,08:06,08:17
144,87,Gare de Lyon,Bibliothèque F. Mitterrand,08:46,08:58
145,87,Gare de Lyon,Bibliothèque F. Mitterrand,08:53,09:00
145,87,Gare de Lyon,Bibliothèque F. Mitterrand,08:38,08:50
145,87,Gare de Lyon,Bibliothèque F. Mitterrand,08:04,08:13
145,87,Gare de Lyon,Bibliothèque F. Mitterrand,08:26,08:36
146,87,Gare de Lyon,Bibliothèque F. Mitterrand,08:44,08:55
146,87,Gare de Lyon,Bibliothèque F. Mitterrand,08:08,08:11
146,87,Gare de Lyon,Bibliothèque F. Mitterrand,08:53,08:55
146,87,Gare de Lyon,Bibliothèque F. Mitterrand,08:13,08:22
146,87,Gare de Lyon,Bibliothèque F. Mitterrand,08:27,08:38
147,87,Gare de Lyon,Bibliothèque F. Mitterrand,08:53,09:02
147,87,Gare de Lyon,Bibliothèque F. Mitterrand,08:09,08:24
147,87,Gare de Lyon,Bibliothèque F. Mitterrand,08:19,08:34
147,87,Gare de Lyon,Bibliothèque F. Mitterrand,08:09,08:18
148,87,Gare de Lyon,Bibliothèque F. Mitterrand,08:17,08:30
148,87,Gare de Lyon,Bibliothèque F. Mitterrand,08:00,08:14
148,87,Gare de Lyon,Bibliothèque F. Mitterrand,08:38,08:47
148,87,Gare de Lyon,Bibliothèque F. Mitterrand,08:12,08:14
148,87,Gare de Lyon,Bibliothèque F. Mitterrand,08:17,08:22
149,87,Gare de Lyon,Bibliothèque F. Mitterrand,08:05,08:10
149,87,Gare de Lyon,Bibliothèque F. Mitterrand,08:12,08:16
149,87,Gare de Lyon,Bibliothèque F. Mitterrand,08:27,08:38
149,87,Gare de Lyon,Bibliothèque F. Mitterrand,08:29,08:40
149,87,Gare de Lyon,Bibliothèque F. Mitterrand,08:41,08:51
150,87,Gare de Lyon,Bibliothèque F. Mitterrand,08:54,09:09
150,87,Gare de Lyon,Bibliothèque F. Mitterrand,08:05,08:10
150,87,Gare de Lyon,Bibliothèque F. Mitterrand,08:50,08:52
150,87,Gare de Lyon,Bibliothèque F. Mitterrand,08:25,08:31
